,score_dist,similarity_sum,D3JOLF,D3JOLR
score_dist,1.0,0.350607539072818,0.2135199813821524,0.29099505756650784
similarity_sum,0.350607539072818,1.0,0.48911543367718985,0.530826426441922
D3JOLF,0.2135199813821524,0.48911543367718985,1.0,0.7175717911434941
D3JOLR,0.29099505756650784,0.530826426441922,0.7175717911434941,1.0
